timestamp,merchant_id,customer_id,amount,day_of_week,hour,is_weekend,is_holiday
2023-01-01 03:41:00,1,23,16.02,6,3,True,False
2023-01-01 06:28:00,4,25,99.56,6,6,True,False
2023-01-01 07:27:00,5,34,29.39,6,7,True,False
2023-01-01 07:47:00,5,26,139.11,6,7,True,False
2023-01-01 08:17:00,5,47,30.81,6,8,True,False
2023-01-01 09:05:00,2,5,22.89,6,9,True,False
2023-01-01 09:07:00,1,26,23.41,6,9,True,False
2023-01-01 09:34:00,4,20,8.51,6,9,True,False
2023-01-01 09:43:00,2,6,80.19,6,9,True,False
2023-01-01 10:06:00,3,6,7.88,6,10,True,False
2023-01-01 10:54:00,4,50,14.41,6,10,True,False
2023-01-01 11:04:00,4,18,6.05,6,11,True,False
2023-01-01 11:17:00,4,4,44.26,6,11,True,False
2023-01-01 11:24:00,5,17,41.51,6,11,True,False
2023-01-01 12:08:00,4,14,34.05,6,12,True,False
2023-01-01 12:44:00,1,14,16.64,6,12,True,False
2023-01-01 12:59:00,4,13,14.62,6,12,True,False
2023-01-01 13:15:00,5,7,73.44,6,13,True,False
2023-01-01 13:36:00,4,44,26.62,6,13,True,False
2023-01-01 14:43:00,3,15,62.01,6,14,True,False
2023-01-01 14:47:00,3,19,18.65,6,14,True,False
2023-01-01 14:57:00,5,43,54.16,6,14,True,False
2023-01-01 15:00:00,1,47,163.31,6,15,True,False
2023-01-01 15:23:00,1,44,79.72,6,15,True,False
2023-01-01 15:26:00,2,35,29.37,6,15,True,False
2023-01-01 15:28:00,5,17,57.37,6,15,True,False
2023-01-01 15:34:00,4,35,34.87,6,15,True,False
2023-01-01 15:40:00,5,19,44.71,6,15,True,False
2023-01-01 15:50:00,2,20,32.03,6,15,True,False
2023-01-01 16:08:00,5,36,37.1,6,16,True,False
2023-01-01 16:20:00,5,35,54.05,6,16,True,False
2023-01-01 16:34:00,2,32,16.19,6,16,True,False
2023-01-01 16:38:00,1,48,15.83,6,16,True,False
2023-01-01 17:00:00,4,44,10.81,6,17,True,False
2023-01-01 17:01:00,2,40,8.74,6,17,True,False
2023-01-01 17:14:00,3,24,12.82,6,17,True,False
2023-01-01 17:25:00,1,17,50.81,6,17,True,False
2023-01-01 17:34:00,3,7,17.74,6,17,True,False
2023-01-01 17:41:00,1,43,72.4,6,17,True,False
2023-01-01 17:43:00,4,50,44.85,6,17,True,False
2023-01-01 18:02:00,4,1,6.03,6,18,True,False
2023-01-01 18:54:00,5,35,83.13,6,18,True,False
2023-01-01 19:38:00,3,32,97.46,6,19,True,False
2023-01-01 19:43:00,1,36,16.03,6,19,True,False
2023-01-01 20:24:00,4,13,66.56,6,20,True,False
2023-01-01 20:57:00,2,6,18.57,6,20,True,False
2023-01-01 21:03:00,4,14,48.91,6,21,True,False
2023-01-02 03:36:00,2,37,7.32,0,3,False,False
2023-01-02 04:05:00,1,48,4.42,0,4,False,False
2023-01-02 05:51:00,4,15,18.4,0,5,False,False
2023-01-02 07:36:00,4,47,23.84,0,7,False,False
2023-01-02 08:31:00,1,4,17.86,0,8,False,False
2023-01-02 09:32:00,4,40,7.94,0,9,False,False
2023-01-02 10:01:00,2,16,16.83,0,10,False,False
2023-01-02 10:24:00,4,28,32.87,0,10,False,False
2023-01-02 10:31:00,3,16,24.0,0,10,False,False
2023-01-02 10:55:00,5,4,30.13,0,10,False,False
2023-01-02 10:58:00,2,45,12.85,0,10,False,False
2023-01-02 11:29:00,3,26,77.91,0,11,False,False
2023-01-02 11:35:00,1,28,7.45,0,11,False,False
2023-01-02 11:41:00,2,32,39.3,0,11,False,False
2023-01-02 11:51:00,5,45,78.7,0,11,False,False
2023-01-02 12:01:00,5,2,37.36,0,12,False,False
2023-01-02 12:05:00,1,31,18.86,0,12,False,False
2023-01-02 12:14:00,1,3,13.62,0,12,False,False
2023-01-02 12:19:00,2,8,65.1,0,12,False,False
2023-01-02 12:26:00,4,24,5.57,0,12,False,False
2023-01-02 12:38:00,1,15,8.76,0,12,False,False
2023-01-02 13:11:00,4,43,14.82,0,13,False,False
2023-01-02 13:44:00,3,31,76.05,0,13,False,False
2023-01-02 13:47:00,5,9,32.25,0,13,False,False
2023-01-02 13:48:00,4,39,8.38,0,13,False,False
2023-01-02 14:15:00,5,45,15.46,0,14,False,False
2023-01-02 14:18:00,4,2,11.41,0,14,False,False
2023-01-02 14:40:00,3,8,10.37,0,14,False,False
2023-01-02 14:53:00,1,7,56.13,0,14,False,False
2023-01-02 14:58:00,3,44,5.35,0,14,False,False
2023-01-02 14:58:00,1,39,105.38,0,14,False,False
2023-01-02 15:05:00,1,42,46.38,0,15,False,False
2023-01-02 15:14:00,5,16,60.3,0,15,False,False
2023-01-02 15:18:00,3,35,12.75,0,15,False,False
2023-01-02 15:32:00,4,30,17.44,0,15,False,False
2023-01-02 15:38:00,3,10,4.83,0,15,False,False
2023-01-02 15:39:00,5,38,11.99,0,15,False,False
2023-01-02 15:51:00,1,18,33.19,0,15,False,False
2023-01-02 15:56:00,5,50,74.04,0,15,False,False
2023-01-02 16:04:00,2,5,6.48,0,16,False,False
2023-01-02 16:05:00,2,29,13.61,0,16,False,False
2023-01-02 16:06:00,4,39,16.86,0,16,False,False
2023-01-02 16:10:00,5,34,4.86,0,16,False,False
2023-01-02 17:15:00,4,43,34.72,0,17,False,False
2023-01-02 17:31:00,4,45,9.32,0,17,False,False
2023-01-02 18:03:00,2,23,15.69,0,18,False,False
2023-01-02 18:27:00,4,5,12.14,0,18,False,False
2023-01-02 19:31:00,2,30,8.73,0,19,False,False
2023-01-02 23:22:00,1,6,21.9,0,23,False,False
2023-01-03 07:32:00,5,46,21.75,1,7,False,False
2023-01-03 08:32:00,4,44,18.32,1,8,False,False
2023-01-03 08:44:00,2,4,12.83,1,8,False,False
2023-01-03 09:32:00,3,29,35.7,1,9,False,False
2023-01-03 09:34:00,4,23,135.55,1,9,False,False
2023-01-03 09:47:00,1,6,29.83,1,9,False,False
2023-01-03 09:55:00,1,32,70.24,1,9,False,False
2023-01-03 10:03:00,3,42,6.25,1,10,False,False
2023-01-03 10:19:00,2,18,29.4,1,10,False,False
2023-01-03 10:19:00,4,15,8.38,1,10,False,False
2023-01-03 10:22:00,2,40,5.73,1,10,False,False
2023-01-03 10:22:00,1,32,11.99,1,10,False,False
2023-01-03 10:24:00,2,9,82.69,1,10,False,False
2023-01-03 10:49:00,1,37,64.92,1,10,False,False
2023-01-03 11:17:00,2,10,30.78,1,11,False,False
2023-01-03 11:41:00,3,20,5.21,1,11,False,False
2023-01-03 12:24:00,5,6,18.98,1,12,False,False
2023-01-03 13:33:00,3,48,29.83,1,13,False,False
2023-01-03 13:40:00,3,3,26.29,1,13,False,False
2023-01-03 13:43:00,5,42,3.49,1,13,False,False
2023-01-03 13:52:00,5,11,9.06,1,13,False,False
2023-01-03 14:16:00,4,43,19.78,1,14,False,False
2023-01-03 14:21:00,4,17,36.06,1,14,False,False
2023-01-03 14:34:00,3,32,2.35,1,14,False,False
2023-01-03 14:39:00,3,4,17.93,1,14,False,False
2023-01-03 14:53:00,1,4,24.33,1,14,False,False
2023-01-03 15:08:00,1,17,47.38,1,15,False,False
2023-01-03 15:23:00,4,41,40.5,1,15,False,False
2023-01-03 15:28:00,4,19,36.27,1,15,False,False
2023-01-03 15:32:00,1,5,9.1,1,15,False,False
2023-01-03 15:45:00,1,32,3.01,1,15,False,False
2023-01-03 15:51:00,2,22,13.67,1,15,False,False
2023-01-03 16:03:00,2,6,53.42,1,16,False,False
2023-01-03 16:18:00,1,35,79.04,1,16,False,False
2023-01-03 16:21:00,2,22,39.93,1,16,False,False
2023-01-03 16:30:00,5,1,30.14,1,16,False,False
2023-01-03 16:36:00,4,20,28.68,1,16,False,False
2023-01-03 16:37:00,4,22,11.25,1,16,False,False
2023-01-03 17:16:00,1,48,16.87,1,17,False,False
2023-01-03 17:25:00,3,11,102.0,1,17,False,False
2023-01-03 17:26:00,1,13,7.49,1,17,False,False
2023-01-03 17:40:00,2,42,96.61,1,17,False,False
2023-01-03 17:47:00,3,3,13.93,1,17,False,False
2023-01-03 19:01:00,2,9,72.33,1,19,False,False
2023-01-03 19:02:00,5,12,4.71,1,19,False,False
2023-01-03 19:46:00,2,23,34.53,1,19,False,False
2023-01-03 23:00:00,5,14,10.56,1,23,False,False
2023-01-03 23:54:00,5,33,5.36,1,23,False,False
2023-01-04 01:32:00,2,18,30.03,2,1,False,False
2023-01-04 05:16:00,2,49,74.03,2,5,False,False
2023-01-04 07:15:00,5,41,11.59,2,7,False,False
2023-01-04 07:25:00,3,9,6.03,2,7,False,False
2023-01-04 09:57:00,5,23,23.66,2,9,False,False
2023-01-04 10:28:00,4,10,23.0,2,10,False,False
2023-01-04 11:44:00,5,19,41.77,2,11,False,False
2023-01-04 12:22:00,3,47,59.7,2,12,False,False
2023-01-04 12:31:00,4,5,21.77,2,12,False,False
2023-01-04 12:33:00,1,47,147.71,2,12,False,False
2023-01-04 12:50:00,1,23,28.9,2,12,False,False
2023-01-04 12:51:00,3,30,16.34,2,12,False,False
2023-01-04 12:54:00,5,25,4.61,2,12,False,False
2023-01-04 12:59:00,2,28,17.76,2,12,False,False
2023-01-04 13:25:00,3,34,15.76,2,13,False,False
2023-01-04 14:31:00,4,45,55.1,2,14,False,False
2023-01-04 14:31:00,4,48,33.49,2,14,False,False
2023-01-04 14:41:00,1,47,6.48,2,14,False,False
2023-01-04 14:43:00,4,25,25.05,2,14,False,False
2023-01-04 14:55:00,3,10,41.28,2,14,False,False
2023-01-04 14:56:00,4,14,97.2,2,14,False,False
2023-01-04 15:21:00,3,42,49.21,2,15,False,False
2023-01-04 15:32:00,2,46,43.35,2,15,False,False
2023-01-04 15:44:00,1,30,21.51,2,15,False,False
2023-01-04 16:08:00,4,41,28.93,2,16,False,False
2023-01-04 16:23:00,3,25,68.44,2,16,False,False
2023-01-04 16:24:00,5,14,5.17,2,16,False,False
2023-01-04 16:45:00,1,35,13.83,2,16,False,False
2023-01-04 16:52:00,2,48,9.06,2,16,False,False
2023-01-04 17:00:00,3,34,28.08,2,17,False,False
2023-01-04 17:35:00,2,10,65.76,2,17,False,False
2023-01-04 18:15:00,2,35,10.5,2,18,False,False
2023-01-04 18:21:00,4,11,1.75,2,18,False,False
2023-01-04 18:36:00,4,11,12.64,2,18,False,False
2023-01-04 19:41:00,3,21,47.91,2,19,False,False
2023-01-04 20:28:00,5,21,33.59,2,20,False,False
2023-01-04 20:43:00,3,22,30.11,2,20,False,False
2023-01-04 21:25:00,5,45,15.31,2,21,False,False
2023-01-04 21:39:00,2,7,5.64,2,21,False,False
2023-01-04 21:39:00,1,17,33.91,2,21,False,False
2023-01-04 23:54:00,3,2,9.58,2,23,False,False
2023-01-05 08:19:00,3,12,236.08,3,8,False,False
2023-01-05 08:31:00,5,42,47.02,3,8,False,False
2023-01-05 08:49:00,2,18,14.87,3,8,False,False
2023-01-05 09:24:00,2,11,14.07,3,9,False,False
2023-01-05 09:28:00,5,16,23.64,3,9,False,False
2023-01-05 09:50:00,2,49,20.41,3,9,False,False
2023-01-05 09:57:00,4,18,79.25,3,9,False,False
2023-01-05 10:04:00,1,35,30.25,3,10,False,False
2023-01-05 11:03:00,3,26,11.61,3,11,False,False
2023-01-05 11:27:00,1,16,159.85,3,11,False,False
2023-01-05 11:48:00,3,6,25.36,3,11,False,False
2023-01-05 11:48:00,4,44,52.07,3,11,False,False
2023-01-05 11:48:00,2,43,13.14,3,11,False,False
2023-01-05 11:50:00,5,47,34.71,3,11,False,False
2023-01-05 11:58:00,4,47,32.95,3,11,False,False
2023-01-05 12:07:00,1,48,3.49,3,12,False,False
2023-01-05 13:18:00,5,42,165.5,3,13,False,False
2023-01-05 13:34:00,2,12,80.19,3,13,False,False
2023-01-05 14:11:00,4,13,14.18,3,14,False,False
2023-01-05 14:28:00,5,4,7.0,3,14,False,False
2023-01-05 14:36:00,4,39,29.85,3,14,False,False
2023-01-05 14:48:00,4,2,23.0,3,14,False,False
2023-01-05 15:00:00,2,26,28.91,3,15,False,False
2023-01-05 15:03:00,3,27,24.54,3,15,False,False
2023-01-05 15:11:00,5,27,33.61,3,15,False,False
2023-01-05 15:37:00,2,15,86.13,3,15,False,False
2023-01-05 15:38:00,4,8,35.75,3,15,False,False
2023-01-05 15:51:00,2,7,7.09,3,15,False,False
2023-01-05 16:12:00,3,47,76.64,3,16,False,False
2023-01-05 16:23:00,5,46,101.2,3,16,False,False
2023-01-05 16:34:00,3,40,458.78,3,16,False,False
2023-01-05 16:35:00,1,12,6.38,3,16,False,False
2023-01-05 17:15:00,5,13,24.5,3,17,False,False
2023-01-05 17:16:00,3,43,2.4,3,17,False,False
2023-01-05 17:18:00,4,17,33.41,3,17,False,False
2023-01-05 17:22:00,5,17,11.11,3,17,False,False
2023-01-05 17:28:00,5,36,131.54,3,17,False,False
2023-01-05 17:56:00,2,21,8.86,3,17,False,False
2023-01-05 17:57:00,4,8,3.55,3,17,False,False
2023-01-05 18:20:00,1,5,11.91,3,18,False,False
2023-01-05 18:31:00,3,26,2.65,3,18,False,False
2023-01-05 18:32:00,2,16,40.44,3,18,False,False
2023-01-05 19:51:00,3,36,2.44,3,19,False,False
2023-01-05 19:55:00,1,28,19.77,3,19,False,False
2023-01-05 19:57:00,1,29,2.41,3,19,False,False
2023-01-05 20:32:00,5,47,14.24,3,20,False,False
2023-01-05 20:33:00,1,12,101.48,3,20,False,False
2023-01-05 21:46:00,3,37,29.05,3,21,False,False
2023-01-05 22:35:00,4,30,8.89,3,22,False,False
2023-01-06 04:38:00,4,23,25.76,4,4,False,False
2023-01-06 06:19:00,5,16,27.61,4,6,False,False
2023-01-06 07:59:00,3,14,43.28,4,7,False,False
2023-01-06 08:59:00,3,10,6.77,4,8,False,False
2023-01-06 09:44:00,1,7,46.91,4,9,False,False
2023-01-06 10:02:00,3,45,1.68,4,10,False,False
2023-01-06 10:40:00,2,37,13.37,4,10,False,False
2023-01-06 10:45:00,1,29,15.41,4,10,False,False
2023-01-06 10:57:00,2,3,47.3,4,10,False,False
2023-01-06 12:05:00,5,15,23.63,4,12,False,False
2023-01-06 12:19:00,4,36,5.66,4,12,False,False
2023-01-06 12:24:00,5,47,8.63,4,12,False,False
2023-01-06 12:26:00,4,46,28.18,4,12,False,False
2023-01-06 12:36:00,5,19,21.34,4,12,False,False
2023-01-06 13:48:00,3,13,12.36,4,13,False,False
2023-01-06 13:57:00,2,42,13.64,4,13,False,False
2023-01-06 13:57:00,4,21,44.25,4,13,False,False
2023-01-06 14:35:00,1,37,12.57,4,14,False,False
2023-01-06 14:35:00,2,27,19.31,4,14,False,False
2023-01-06 14:36:00,1,29,184.7,4,14,False,False
2023-01-06 14:37:00,2,20,5.08,4,14,False,False
2023-01-06 14:46:00,2,25,3.31,4,14,False,False
2023-01-06 15:12:00,5,6,44.35,4,15,False,False
2023-01-06 15:17:00,4,36,10.28,4,15,False,False
2023-01-06 15:24:00,4,2,14.74,4,15,False,False
2023-01-06 15:34:00,2,22,9.28,4,15,False,False
2023-01-06 15:57:00,3,32,15.62,4,15,False,False
2023-01-06 16:01:00,3,16,97.03,4,16,False,False
2023-01-06 17:00:00,1,18,42.86,4,17,False,False
2023-01-06 17:27:00,1,5,45.52,4,17,False,False
2023-01-06 18:06:00,5,36,4.63,4,18,False,False
2023-01-06 18:15:00,2,30,6.03,4,18,False,False
2023-01-06 18:30:00,1,45,1.12,4,18,False,False
2023-01-06 19:09:00,1,19,8.55,4,19,False,False
2023-01-06 19:12:00,2,23,50.03,4,19,False,False
2023-01-06 19:30:00,5,34,32.23,4,19,False,False
2023-01-06 21:22:00,1,13,16.23,4,21,False,False
2023-01-06 22:07:00,5,43,20.62,4,22,False,False
2023-01-07 04:27:00,4,29,25.45,5,4,True,False
2023-01-07 06:14:00,5,36,62.86,5,6,True,False
2023-01-07 06:46:00,3,22,110.16,5,6,True,False
2023-01-07 07:23:00,3,47,10.15,5,7,True,False
2023-01-07 08:33:00,5,36,68.39,5,8,True,False
2023-01-07 09:21:00,3,9,127.14,5,9,True,False
2023-01-07 09:53:00,4,39,33.04,5,9,True,False
2023-01-07 10:03:00,2,19,99.17,5,10,True,False
2023-01-07 10:12:00,3,38,821.18,5,10,True,False
2023-01-07 11:00:00,3,6,43.46,5,11,True,False
2023-01-07 11:14:00,5,47,71.49,5,11,True,False
2023-01-07 11:20:00,4,15,23.06,5,11,True,False
2023-01-07 11:41:00,2,20,57.83,5,11,True,False
2023-01-07 11:44:00,5,9,76.44,5,11,True,False
2023-01-07 11:44:00,5,32,58.62,5,11,True,False
2023-01-07 12:25:00,4,4,17.03,5,12,True,False
2023-01-07 12:31:00,2,50,58.02,5,12,True,False
2023-01-07 12:33:00,4,18,203.69,5,12,True,False
2023-01-07 12:46:00,2,5,73.93,5,12,True,False
2023-01-07 12:53:00,4,20,123.52,5,12,True,False
2023-01-07 12:59:00,5,23,37.24,5,12,True,False
2023-01-07 13:00:00,5,11,97.71,5,13,True,False
2023-01-07 13:04:00,1,37,61.03,5,13,True,False
2023-01-07 13:07:00,3,22,17.84,5,13,True,False
2023-01-07 13:12:00,4,4,63.48,5,13,True,False
2023-01-07 13:28:00,1,29,17.12,5,13,True,False
2023-01-07 13:48:00,3,44,24.51,5,13,True,False
2023-01-07 13:53:00,4,34,55.78,5,13,True,False
2023-01-07 13:56:00,2,13,62.14,5,13,True,False
2023-01-07 14:25:00,3,42,13.76,5,14,True,False
2023-01-07 14:29:00,5,9,129.66,5,14,True,False
2023-01-07 14:50:00,1,42,80.07,5,14,True,False
2023-01-07 14:52:00,3,31,22.34,5,14,True,False
2023-01-07 15:04:00,3,7,9.53,5,15,True,False
2023-01-07 15:18:00,5,4,38.38,5,15,True,False
2023-01-07 15:24:00,4,19,28.4,5,15,True,False
2023-01-07 15:28:00,2,42,49.67,5,15,True,False
2023-01-07 15:32:00,5,30,30.85,5,15,True,False
2023-01-07 15:39:00,2,31,5.96,5,15,True,False
2023-01-07 15:42:00,4,35,30.08,5,15,True,False
2023-01-07 15:46:00,3,21,32.68,5,15,True,False
2023-01-07 16:01:00,2,31,82.39,5,16,True,False
2023-01-07 16:46:00,1,19,21.75,5,16,True,False
2023-01-07 16:46:00,1,31,234.28,5,16,True,False
2023-01-07 16:55:00,5,32,6.46,5,16,True,False
2023-01-07 17:04:00,4,2,160.74,5,17,True,False
2023-01-07 17:26:00,5,10,34.62,5,17,True,False
2023-01-07 17:36:00,5,2,102.33,5,17,True,False
2023-01-07 17:51:00,5,2,46.92,5,17,True,False
2023-01-07 17:53:00,1,24,135.39,5,17,True,False
2023-01-07 17:56:00,1,17,29.41,5,17,True,False
2023-01-07 18:21:00,5,32,14.39,5,18,True,False
2023-01-07 18:29:00,1,16,178.75,5,18,True,False
2023-01-07 18:31:00,4,16,38.55,5,18,True,False
2023-01-07 18:33:00,5,46,53.89,5,18,True,False
2023-01-07 18:55:00,1,39,148.45,5,18,True,False
2023-01-07 19:10:00,2,31,15.44,5,19,True,False
2023-01-07 19:13:00,5,43,78.58,5,19,True,False
2023-01-07 19:22:00,5,24,24.02,5,19,True,False
2023-01-07 20:59:00,4,1,38.31,5,20,True,False
2023-01-07 21:08:00,3,11,47.69,5,21,True,False
2023-01-07 21:37:00,3,21,9.9,5,21,True,False
2023-01-07 23:10:00,4,4,21.19,5,23,True,False
2023-01-08 03:35:00,4,7,193.24,6,3,True,False
2023-01-08 05:50:00,4,26,123.92,6,5,True,False
2023-01-08 07:24:00,3,47,47.98,6,7,True,False
2023-01-08 08:21:00,4,50,64.63,6,8,True,False
2023-01-08 08:58:00,1,12,37.76,6,8,True,False
2023-01-08 09:24:00,5,31,194.31,6,9,True,False
2023-01-08 09:40:00,5,17,40.96,6,9,True,False
2023-01-08 10:01:00,2,33,62.05,6,10,True,False
2023-01-08 10:10:00,2,11,154.8,6,10,True,False
2023-01-08 10:23:00,5,28,22.62,6,10,True,False
2023-01-08 10:57:00,1,32,233.9,6,10,True,False
2023-01-08 11:29:00,3,1,10.44,6,11,True,False
2023-01-08 11:30:00,3,47,246.13,6,11,True,False
2023-01-08 11:43:00,1,28,33.23,6,11,True,False
2023-01-08 12:03:00,3,42,37.03,6,12,True,False
2023-01-08 13:16:00,4,7,6.97,6,13,True,False
2023-01-08 13:27:00,5,2,29.29,6,13,True,False
2023-01-08 13:36:00,5,42,16.32,6,13,True,False
2023-01-08 13:46:00,1,24,25.14,6,13,True,False
2023-01-08 13:56:00,3,4,40.24,6,13,True,False
2023-01-08 14:03:00,2,44,117.77,6,14,True,False
2023-01-08 14:37:00,2,19,55.62,6,14,True,False
2023-01-08 14:48:00,3,26,61.47,6,14,True,False
2023-01-08 14:54:00,2,11,15.11,6,14,True,False
2023-01-08 15:29:00,1,40,18.39,6,15,True,False
2023-01-08 15:42:00,1,50,268.02,6,15,True,False
2023-01-08 16:20:00,3,43,20.96,6,16,True,False
2023-01-08 16:23:00,2,11,229.08,6,16,True,False
2023-01-08 16:45:00,1,45,34.29,6,16,True,False
2023-01-08 16:56:00,1,3,43.82,6,16,True,False
2023-01-08 17:09:00,4,12,126.34,6,17,True,False
2023-01-08 18:39:00,4,3,154.06,6,18,True,False
2023-01-08 19:33:00,1,42,38.78,6,19,True,False
2023-01-08 19:35:00,3,27,29.38,6,19,True,False
2023-01-08 22:50:00,5,49,42.73,6,22,True,False
2023-01-08 23:07:00,5,2,64.72,6,23,True,False
2023-01-09 03:44:00,1,49,63.25,0,3,False,False
2023-01-09 05:44:00,1,16,27.09,0,5,False,False
2023-01-09 06:19:00,1,2,50.35,0,6,False,False
2023-01-09 06:43:00,3,30,139.56,0,6,False,False
2023-01-09 07:35:00,4,20,39.5,0,7,False,False
2023-01-09 07:39:00,1,38,36.84,0,7,False,False
2023-01-09 07:49:00,1,28,5.91,0,7,False,False
2023-01-09 08:51:00,2,25,1.91,0,8,False,False
2023-01-09 09:00:00,3,32,38.25,0,9,False,False
2023-01-09 09:54:00,1,10,23.59,0,9,False,False
2023-01-09 10:32:00,2,42,15.0,0,10,False,False
2023-01-09 12:01:00,5,40,29.47,0,12,False,False
2023-01-09 12:01:00,1,33,21.74,0,12,False,False
2023-01-09 12:09:00,1,13,71.35,0,12,False,False
2023-01-09 12:13:00,2,41,25.18,0,12,False,False
2023-01-09 12:20:00,3,42,10.94,0,12,False,False
2023-01-09 12:25:00,1,47,62.17,0,12,False,False
2023-01-09 12:36:00,5,37,18.59,0,12,False,False
2023-01-09 12:50:00,1,16,39.11,0,12,False,False
2023-01-09 13:01:00,5,45,13.68,0,13,False,False
2023-01-09 13:04:00,4,22,11.52,0,13,False,False
2023-01-09 13:05:00,4,20,24.0,0,13,False,False
2023-01-09 13:29:00,5,50,22.34,0,13,False,False
2023-01-09 13:35:00,3,43,35.64,0,13,False,False
2023-01-09 13:37:00,1,27,16.86,0,13,False,False
2023-01-09 13:37:00,1,41,3.52,0,13,False,False
2023-01-09 13:40:00,4,16,14.31,0,13,False,False
2023-01-09 13:59:00,5,34,48.79,0,13,False,False
2023-01-09 14:07:00,1,32,15.66,0,14,False,False
2023-01-09 14:11:00,1,26,16.48,0,14,False,False
2023-01-09 14:21:00,3,25,56.55,0,14,False,False
2023-01-09 14:34:00,2,2,10.35,0,14,False,False
2023-01-09 14:35:00,4,12,4.51,0,14,False,False
2023-01-09 14:36:00,4,40,17.96,0,14,False,False
2023-01-09 14:38:00,2,9,13.0,0,14,False,False
2023-01-09 14:59:00,1,12,8.02,0,14,False,False
2023-01-09 15:54:00,3,26,17.0,0,15,False,False
2023-01-09 16:10:00,3,9,32.07,0,16,False,False
2023-01-09 16:14:00,4,10,19.44,0,16,False,False
2023-01-09 16:19:00,3,32,26.67,0,16,False,False
2023-01-09 16:19:00,2,34,120.29,0,16,False,False
2023-01-09 16:23:00,1,48,13.92,0,16,False,False
2023-01-09 16:25:00,2,20,25.92,0,16,False,False
2023-01-09 17:05:00,5,39,11.55,0,17,False,False
2023-01-09 17:17:00,4,2,8.24,0,17,False,False
2023-01-09 17:26:00,3,1,10.71,0,17,False,False
2023-01-09 17:50:00,5,36,11.91,0,17,False,False
2023-01-09 18:03:00,3,24,27.34,0,18,False,False
2023-01-09 18:14:00,1,27,199.89,0,18,False,False
2023-01-09 18:38:00,1,2,9.32,0,18,False,False
2023-01-09 18:54:00,1,31,12.58,0,18,False,False
2023-01-09 20:10:00,3,14,18.42,0,20,False,False
2023-01-09 20:25:00,5,2,29.15,0,20,False,False
2023-01-09 20:53:00,1,29,25.54,0,20,False,False
2023-01-09 21:31:00,5,15,73.16,0,21,False,False
2023-01-09 22:09:00,3,12,1.86,0,22,False,False
2023-01-09 22:32:00,5,37,1.94,0,22,False,False
2023-01-09 23:04:00,3,28,13.43,0,23,False,False
2023-01-10 00:03:00,3,20,69.2,1,0,False,False
2023-01-10 04:37:00,4,39,5.55,1,4,False,False
2023-01-10 07:43:00,3,24,1.33,1,7,False,False
2023-01-10 08:26:00,3,21,47.05,1,8,False,False
2023-01-10 08:33:00,2,10,33.91,1,8,False,False
2023-01-10 09:19:00,1,46,8.72,1,9,False,False
2023-01-10 09:39:00,4,14,9.68,1,9,False,False
2023-01-10 10:18:00,4,37,9.52,1,10,False,False
2023-01-10 10:20:00,4,18,28.04,1,10,False,False
2023-01-10 11:29:00,2,24,12.9,1,11,False,False
2023-01-10 11:50:00,3,14,39.56,1,11,False,False
2023-01-10 12:27:00,1,34,1.33,1,12,False,False
2023-01-10 12:51:00,5,12,9.81,1,12,False,False
2023-01-10 12:56:00,3,22,7.49,1,12,False,False
2023-01-10 12:58:00,2,6,17.88,1,12,False,False
2023-01-10 13:06:00,3,36,12.88,1,13,False,False
2023-01-10 13:25:00,3,45,48.99,1,13,False,False
2023-01-10 13:28:00,2,36,3.44,1,13,False,False
2023-01-10 13:51:00,4,22,23.09,1,13,False,False
2023-01-10 13:59:00,4,14,38.55,1,13,False,False
2023-01-10 14:03:00,1,16,135.02,1,14,False,False
2023-01-10 14:10:00,1,36,13.03,1,14,False,False
2023-01-10 14:17:00,4,25,29.17,1,14,False,False
2023-01-10 14:21:00,5,32,3.47,1,14,False,False
2023-01-10 14:29:00,3,33,1.93,1,14,False,False
2023-01-10 14:41:00,5,45,49.09,1,14,False,False
2023-01-10 14:42:00,3,36,20.97,1,14,False,False
2023-01-10 14:53:00,4,20,68.53,1,14,False,False
2023-01-10 15:00:00,1,18,5.13,1,15,False,False
2023-01-10 15:38:00,1,38,34.07,1,15,False,False
2023-01-10 15:45:00,5,3,131.28,1,15,False,False
2023-01-10 15:48:00,1,23,30.82,1,15,False,False
2023-01-10 16:04:00,4,32,25.87,1,16,False,False
2023-01-10 16:31:00,5,45,19.79,1,16,False,False
2023-01-10 16:40:00,3,16,4.08,1,16,False,False
2023-01-10 16:46:00,1,5,76.1,1,16,False,False
2023-01-10 17:10:00,2,4,10.43,1,17,False,False
2023-01-10 17:39:00,1,21,31.83,1,17,False,False
2023-01-10 17:48:00,3,40,4.03,1,17,False,False
2023-01-10 18:13:00,5,14,5.87,1,18,False,False
2023-01-10 18:49:00,3,39,80.14,1,18,False,False
2023-01-10 19:50:00,2,31,13.58,1,19,False,False
2023-01-10 21:27:00,4,14,86.64,1,21,False,False
2023-01-10 21:27:00,1,6,18.73,1,21,False,False
2023-01-10 21:53:00,5,12,3.21,1,21,False,False
2023-01-10 23:12:00,4,16,53.83,1,23,False,False
2023-01-10 23:20:00,3,17,12.23,1,23,False,False
2023-01-10 23:28:00,5,45,44.36,1,23,False,False
2023-01-11 02:39:00,4,23,25.75,2,2,False,False
2023-01-11 06:32:00,5,14,5.79,2,6,False,False
2023-01-11 06:51:00,2,7,31.96,2,6,False,False
2023-01-11 08:20:00,2,46,238.96,2,8,False,False
2023-01-11 09:22:00,1,32,42.47,2,9,False,False
2023-01-11 09:25:00,1,15,24.49,2,9,False,False
2023-01-11 09:47:00,2,44,76.03,2,9,False,False
2023-01-11 09:53:00,5,17,32.02,2,9,False,False
2023-01-11 10:07:00,2,41,30.96,2,10,False,False
2023-01-11 10:08:00,1,47,8.43,2,10,False,False
2023-01-11 10:36:00,2,44,31.72,2,10,False,False
2023-01-11 10:44:00,2,34,70.71,2,10,False,False
2023-01-11 11:05:00,5,5,10.46,2,11,False,False
2023-01-11 11:09:00,4,45,100.31,2,11,False,False
2023-01-11 11:22:00,1,27,22.02,2,11,False,False
2023-01-11 11:52:00,5,23,9.93,2,11,False,False
2023-01-11 11:57:00,2,40,65.46,2,11,False,False
2023-01-11 12:01:00,2,14,17.34,2,12,False,False
2023-01-11 12:18:00,4,15,49.37,2,12,False,False
2023-01-11 12:29:00,1,43,17.25,2,12,False,False
2023-01-11 12:30:00,1,33,21.76,2,12,False,False
2023-01-11 12:54:00,3,31,37.84,2,12,False,False
2023-01-11 12:54:00,1,35,30.9,2,12,False,False
2023-01-11 13:16:00,4,17,3.0,2,13,False,False
2023-01-11 13:24:00,3,28,7.19,2,13,False,False
2023-01-11 13:25:00,3,19,55.87,2,13,False,False
2023-01-11 13:41:00,2,46,19.33,2,13,False,False
2023-01-11 14:10:00,2,23,12.49,2,14,False,False
2023-01-11 14:32:00,1,32,5.42,2,14,False,False
2023-01-11 14:41:00,3,40,7.16,2,14,False,False
2023-01-11 14:42:00,2,13,2.79,2,14,False,False
2023-01-11 14:45:00,4,20,19.06,2,14,False,False
2023-01-11 15:17:00,2,35,11.14,2,15,False,False
2023-01-11 15:28:00,2,5,7.71,2,15,False,False
2023-01-11 15:29:00,3,9,18.92,2,15,False,False
2023-01-11 15:31:00,3,29,29.15,2,15,False,False
2023-01-11 15:36:00,5,6,164.31,2,15,False,False
2023-01-11 16:07:00,4,25,4.33,2,16,False,False
2023-01-11 16:10:00,3,31,62.55,2,16,False,False
2023-01-11 16:41:00,1,22,51.92,2,16,False,False
2023-01-11 16:50:00,4,2,9.0,2,16,False,False
2023-01-11 17:01:00,4,45,23.55,2,17,False,False
2023-01-11 17:31:00,3,5,12.16,2,17,False,False
2023-01-11 17:50:00,4,27,23.14,2,17,False,False
2023-01-11 17:56:00,3,25,86.92,2,17,False,False
2023-01-11 18:08:00,2,8,34.96,2,18,False,False
2023-01-11 18:11:00,5,1,31.73,2,18,False,False
2023-01-11 19:35:00,2,20,12.5,2,19,False,False
2023-01-11 19:45:00,3,44,4.36,2,19,False,False
2023-01-11 20:34:00,3,23,15.93,2,20,False,False
2023-01-11 20:53:00,2,32,65.57,2,20,False,False
2023-01-11 21:52:00,1,11,4.4,2,21,False,False
2023-01-11 21:54:00,1,39,7.05,2,21,False,False
2023-01-11 21:57:00,1,47,22.98,2,21,False,False
2023-01-11 23:08:00,3,24,8.24,2,23,False,False
2023-01-11 23:16:00,4,11,9.99,2,23,False,False
2023-01-12 06:43:00,3,29,17.75,3,6,False,False
2023-01-12 07:02:00,4,26,6.89,3,7,False,False
2023-01-12 07:16:00,2,16,10.19,3,7,False,False
2023-01-12 08:59:00,5,35,53.7,3,8,False,False
2023-01-12 09:47:00,4,20,7.02,3,9,False,False
2023-01-12 10:02:00,1,46,5.08,3,10,False,False
2023-01-12 10:34:00,3,3,13.37,3,10,False,False
2023-01-12 10:35:00,2,1,52.2,3,10,False,False
2023-01-12 10:38:00,1,47,20.62,3,10,False,False
2023-01-12 11:13:00,2,1,15.17,3,11,False,False
2023-01-12 11:46:00,5,17,25.23,3,11,False,False
2023-01-12 11:52:00,3,2,4.21,3,11,False,False
2023-01-12 12:08:00,3,29,37.88,3,12,False,False
2023-01-12 12:14:00,5,20,33.89,3,12,False,False
2023-01-12 12:21:00,3,6,15.34,3,12,False,False
2023-01-12 12:24:00,4,8,63.16,3,12,False,False
2023-01-12 12:25:00,2,29,7.48,3,12,False,False
2023-01-12 12:49:00,1,48,71.36,3,12,False,False
2023-01-12 13:08:00,5,33,25.74,3,13,False,False
2023-01-12 13:19:00,4,3,15.75,3,13,False,False
2023-01-12 13:34:00,1,35,21.62,3,13,False,False
2023-01-12 13:42:00,1,5,19.82,3,13,False,False
2023-01-12 13:46:00,5,27,74.74,3,13,False,False
2023-01-12 14:12:00,4,44,7.19,3,14,False,False
2023-01-12 14:14:00,1,12,9.84,3,14,False,False
2023-01-12 14:25:00,1,20,59.45,3,14,False,False
2023-01-12 14:30:00,4,45,11.63,3,14,False,False
2023-01-12 14:31:00,3,20,51.9,3,14,False,False
2023-01-12 14:39:00,1,9,115.38,3,14,False,False
2023-01-12 14:39:00,2,39,14.11,3,14,False,False
2023-01-12 14:55:00,4,4,41.69,3,14,False,False
2023-01-12 15:22:00,1,19,6.39,3,15,False,False
2023-01-12 15:43:00,5,38,43.09,3,15,False,False
2023-01-12 16:11:00,2,27,23.95,3,16,False,False
2023-01-12 16:11:00,1,45,31.49,3,16,False,False
2023-01-12 16:29:00,2,43,10.29,3,16,False,False
2023-01-12 16:35:00,2,13,3.73,3,16,False,False
2023-01-12 16:42:00,3,13,32.45,3,16,False,False
2023-01-12 16:44:00,2,22,2.49,3,16,False,False
2023-01-12 16:46:00,3,28,14.28,3,16,False,False
2023-01-12 16:53:00,4,47,50.28,3,16,False,False
2023-01-12 17:13:00,3,45,23.28,3,17,False,False
2023-01-12 17:16:00,5,22,134.85,3,17,False,False
2023-01-12 17:37:00,1,43,53.57,3,17,False,False
2023-01-12 17:41:00,4,19,9.99,3,17,False,False
2023-01-12 18:07:00,4,8,19.61,3,18,False,False
2023-01-12 18:07:00,5,8,18.2,3,18,False,False
2023-01-12 18:15:00,3,42,3.92,3,18,False,False
2023-01-12 18:28:00,1,26,7.45,3,18,False,False
2023-01-12 18:31:00,3,48,10.89,3,18,False,False
2023-01-12 18:38:00,2,26,2.49,3,18,False,False
2023-01-12 18:53:00,3,23,20.01,3,18,False,False
2023-01-12 18:58:00,4,43,14.87,3,18,False,False
2023-01-12 19:24:00,1,13,3.61,3,19,False,False
2023-01-12 21:39:00,3,28,30.35,3,21,False,False
2023-01-12 22:53:00,1,9,43.15,3,22,False,False
2023-01-12 23:33:00,1,20,27.68,3,23,False,False
2023-01-12 23:43:00,2,19,15.95,3,23,False,False
2023-01-13 05:58:00,2,48,48.74,4,5,False,False
2023-01-13 06:23:00,4,39,53.53,4,6,False,False
2023-01-13 07:33:00,5,12,36.69,4,7,False,False
2023-01-13 09:03:00,1,15,11.37,4,9,False,False
2023-01-13 09:24:00,5,31,34.2,4,9,False,False
2023-01-13 10:04:00,4,14,82.98,4,10,False,False
2023-01-13 10:24:00,1,11,13.83,4,10,False,False
2023-01-13 10:27:00,1,26,204.61,4,10,False,False
2023-01-13 10:47:00,5,42,14.84,4,10,False,False
2023-01-13 10:59:00,3,27,25.93,4,10,False,False
2023-01-13 11:02:00,2,11,12.32,4,11,False,False
2023-01-13 11:06:00,3,38,30.18,4,11,False,False
2023-01-13 11:23:00,5,34,4.23,4,11,False,False
2023-01-13 11:33:00,2,43,13.98,4,11,False,False
2023-01-13 11:55:00,3,19,8.1,4,11,False,False
2023-01-13 11:59:00,2,6,27.64,4,11,False,False
2023-01-13 12:44:00,1,46,62.44,4,12,False,False
2023-01-13 12:46:00,3,38,44.07,4,12,False,False
2023-01-13 12:58:00,2,49,2.16,4,12,False,False
2023-01-13 13:04:00,2,42,170.0,4,13,False,False
2023-01-13 13:11:00,2,28,29.64,4,13,False,False
2023-01-13 13:12:00,3,1,10.15,4,13,False,False
2023-01-13 13:22:00,4,35,25.81,4,13,False,False
2023-01-13 13:23:00,3,40,26.31,4,13,False,False
2023-01-13 13:24:00,5,8,11.32,4,13,False,False
2023-01-13 13:30:00,3,47,26.89,4,13,False,False
2023-01-13 13:35:00,2,7,12.02,4,13,False,False
2023-01-13 14:17:00,1,11,14.08,4,14,False,False
2023-01-13 14:36:00,3,39,10.62,4,14,False,False
2023-01-13 14:50:00,3,4,5.03,4,14,False,False
2023-01-13 14:52:00,2,25,24.4,4,14,False,False
2023-01-13 14:56:00,1,12,37.87,4,14,False,False
2023-01-13 15:23:00,1,26,33.9,4,15,False,False
2023-01-13 15:38:00,5,38,45.99,4,15,False,False
2023-01-13 15:50:00,3,46,28.02,4,15,False,False
2023-01-13 16:18:00,1,12,11.52,4,16,False,False
2023-01-13 16:22:00,1,43,45.43,4,16,False,False
2023-01-13 16:42:00,4,37,5.05,4,16,False,False
2023-01-13 16:58:00,4,46,7.97,4,16,False,False
2023-01-13 17:14:00,1,24,7.33,4,17,False,False
2023-01-13 17:26:00,5,16,56.59,4,17,False,False
2023-01-13 17:45:00,1,13,49.34,4,17,False,False
2023-01-13 17:49:00,2,25,31.29,4,17,False,False
2023-01-13 17:55:00,3,4,56.14,4,17,False,False
2023-01-13 18:57:00,5,11,7.92,4,18,False,False
2023-01-13 19:16:00,2,32,27.23,4,19,False,False
2023-01-13 20:11:00,5,49,17.31,4,20,False,False
2023-01-13 21:39:00,2,7,47.25,4,21,False,False
2023-01-13 23:24:00,3,46,19.66,4,23,False,False
2023-01-14 06:25:00,3,11,34.85,5,6,True,False
2023-01-14 06:30:00,4,28,87.97,5,6,True,False
2023-01-14 06:57:00,2,41,123.01,5,6,True,False
2023-01-14 08:14:00,4,23,25.98,5,8,True,False
2023-01-14 09:16:00,2,45,47.08,5,9,True,False
2023-01-14 09:16:00,4,23,17.36,5,9,True,False
2023-01-14 11:11:00,3,50,3.97,5,11,True,False
2023-01-14 11:59:00,5,28,58.95,5,11,True,False
2023-01-14 12:02:00,4,43,86.78,5,12,True,False
2023-01-14 12:13:00,2,47,61.34,5,12,True,False
2023-01-14 12:16:00,2,26,6.72,5,12,True,False
2023-01-14 12:27:00,3,25,33.23,5,12,True,False
2023-01-14 12:57:00,2,29,5.13,5,12,True,False
2023-01-14 13:12:00,1,19,181.61,5,13,True,False
2023-01-14 13:18:00,5,33,15.58,5,13,True,False
2023-01-14 13:24:00,4,36,161.99,5,13,True,False
2023-01-14 13:33:00,5,14,118.87,5,13,True,False
2023-01-14 14:21:00,3,14,18.36,5,14,True,False
2023-01-14 14:28:00,4,35,14.56,5,14,True,False
2023-01-14 14:29:00,4,30,64.15,5,14,True,False
2023-01-14 14:45:00,1,28,19.43,5,14,True,False
2023-01-14 14:49:00,3,17,50.07,5,14,True,False
2023-01-14 14:58:00,2,3,27.89,5,14,True,False
2023-01-14 15:02:00,1,16,7.47,5,15,True,False
2023-01-14 15:03:00,1,46,4.77,5,15,True,False
2023-01-14 15:06:00,5,30,55.65,5,15,True,False
2023-01-14 15:14:00,5,29,25.3,5,15,True,False
2023-01-14 15:26:00,5,45,25.51,5,15,True,False
2023-01-14 15:36:00,1,15,88.96,5,15,True,False
2023-01-14 16:14:00,2,46,141.36,5,16,True,False
2023-01-14 16:28:00,4,25,33.29,5,16,True,False
2023-01-14 16:28:00,5,38,31.1,5,16,True,False
2023-01-14 16:34:00,2,42,72.1,5,16,True,False
2023-01-14 16:39:00,3,47,11.26,5,16,True,False
2023-01-14 16:45:00,5,38,54.65,5,16,True,False
2023-01-14 17:34:00,4,23,75.23,5,17,True,False
2023-01-14 17:46:00,3,25,85.53,5,17,True,False
2023-01-14 17:48:00,3,42,6.25,5,17,True,False
2023-01-14 17:55:00,4,7,20.23,5,17,True,False
2023-01-14 18:10:00,5,22,17.94,5,18,True,False
2023-01-14 18:21:00,1,17,47.72,5,18,True,False
2023-01-14 18:28:00,4,18,69.84,5,18,True,False
2023-01-14 19:43:00,4,49,193.51,5,19,True,False
2023-01-15 07:10:00,4,41,31.14,6,7,True,False
2023-01-15 08:53:00,3,10,30.81,6,8,True,False
2023-01-15 09:31:00,2,10,157.99,6,9,True,False
2023-01-15 09:54:00,1,7,67.32,6,9,True,False
2023-01-15 10:31:00,5,48,174.82,6,10,True,False
2023-01-15 11:11:00,5,50,64.39,6,11,True,False
2023-01-15 11:14:00,2,38,15.17,6,11,True,False
2023-01-15 11:39:00,4,27,12.72,6,11,True,False
2023-01-15 11:44:00,1,33,10.22,6,11,True,False
2023-01-15 11:52:00,5,1,93.53,6,11,True,False
2023-01-15 11:59:00,5,44,158.35,6,11,True,False
2023-01-15 12:03:00,4,34,300.0,6,12,True,False
2023-01-15 12:20:00,2,4,109.67,6,12,True,False
2023-01-15 12:38:00,1,17,151.0,6,12,True,False
2023-01-15 12:45:00,2,4,26.43,6,12,True,False
2023-01-15 12:50:00,2,43,14.85,6,12,True,False
2023-01-15 12:53:00,1,26,110.44,6,12,True,False
2023-01-15 12:53:00,1,4,71.67,6,12,True,False
2023-01-15 13:08:00,5,1,51.4,6,13,True,False
2023-01-15 13:17:00,5,7,68.0,6,13,True,False
2023-01-15 13:21:00,1,30,63.77,6,13,True,False
2023-01-15 14:09:00,3,50,163.16,6,14,True,False
2023-01-15 14:11:00,5,9,165.0,6,14,True,False
2023-01-15 14:21:00,3,35,77.88,6,14,True,False
2023-01-15 14:32:00,1,8,105.29,6,14,True,False
2023-01-15 14:32:00,5,24,75.56,6,14,True,False
2023-01-15 14:49:00,2,19,28.5,6,14,True,False
2023-01-15 14:50:00,1,36,96.3,6,14,True,False
2023-01-15 14:57:00,4,50,11.21,6,14,True,False
2023-01-15 14:58:00,3,43,129.65,6,14,True,False
2023-01-15 15:02:00,1,27,13.43,6,15,True,False
2023-01-15 15:19:00,1,32,59.04,6,15,True,False
2023-01-15 15:23:00,5,14,19.05,6,15,True,False
2023-01-15 15:30:00,5,18,77.15,6,15,True,False
2023-01-15 15:50:00,5,28,42.88,6,15,True,False
2023-01-15 16:37:00,4,29,8.87,6,16,True,False
2023-01-15 16:46:00,5,16,66.59,6,16,True,False
2023-01-15 16:54:00,1,35,24.53,6,16,True,False
2023-01-15 17:07:00,5,47,104.56,6,17,True,False
2023-01-15 17:21:00,2,31,43.38,6,17,True,False
2023-01-15 17:23:00,5,4,64.33,6,17,True,False
2023-01-15 17:40:00,4,37,16.63,6,17,True,False
2023-01-15 17:41:00,2,17,24.03,6,17,True,False
2023-01-15 17:55:00,1,39,27.38,6,17,True,False
2023-01-15 17:59:00,1,48,102.04,6,17,True,False
2023-01-15 18:01:00,3,46,231.1,6,18,True,False
2023-01-15 18:29:00,2,26,19.3,6,18,True,False
2023-01-15 18:36:00,3,48,126.76,6,18,True,False
2023-01-15 18:59:00,2,39,4.93,6,18,True,False
2023-01-15 21:17:00,2,41,13.44,6,21,True,False
2023-01-15 22:05:00,4,4,17.33,6,22,True,False
2023-01-15 22:40:00,3,30,11.69,6,22,True,False
2023-01-16 05:01:00,4,30,5.54,0,5,False,False
2023-01-16 05:43:00,2,22,40.77,0,5,False,False
2023-01-16 05:48:00,1,11,21.78,0,5,False,False
2023-01-16 06:29:00,2,2,39.63,0,6,False,False
2023-01-16 07:22:00,4,44,53.81,0,7,False,False
2023-01-16 07:36:00,3,12,35.19,0,7,False,False
2023-01-16 07:50:00,3,30,52.08,0,7,False,False
2023-01-16 08:42:00,4,36,24.79,0,8,False,False
2023-01-16 09:27:00,3,18,7.91,0,9,False,False
2023-01-16 09:36:00,5,26,74.71,0,9,False,False
2023-01-16 09:39:00,1,7,14.39,0,9,False,False
2023-01-16 09:42:00,1,1,10.18,0,9,False,False
2023-01-16 09:59:00,1,26,21.71,0,9,False,False
2023-01-16 11:01:00,3,23,9.69,0,11,False,False
2023-01-16 11:11:00,3,26,15.9,0,11,False,False
2023-01-16 11:13:00,2,45,34.05,0,11,False,False
2023-01-16 11:29:00,2,6,34.2,0,11,False,False
2023-01-16 11:37:00,1,6,9.84,0,11,False,False
2023-01-16 11:57:00,5,44,14.82,0,11,False,False
2023-01-16 12:13:00,2,8,67.63,0,12,False,False
2023-01-16 12:13:00,2,24,37.95,0,12,False,False
2023-01-16 12:40:00,3,22,183.98,0,12,False,False
2023-01-16 12:46:00,5,19,75.18,0,12,False,False
2023-01-16 12:56:00,1,37,72.53,0,12,False,False
2023-01-16 13:07:00,2,18,5.51,0,13,False,False
2023-01-16 13:24:00,5,31,47.35,0,13,False,False
2023-01-16 14:38:00,5,37,20.0,0,14,False,False
2023-01-16 15:31:00,1,30,11.68,0,15,False,False
2023-01-16 15:44:00,5,42,23.96,0,15,False,False
2023-01-16 15:47:00,5,33,52.13,0,15,False,False
2023-01-16 15:53:00,5,10,33.43,0,15,False,False
2023-01-16 15:55:00,2,37,8.42,0,15,False,False
2023-01-16 16:46:00,1,12,41.22,0,16,False,False
2023-01-16 16:48:00,5,30,10.37,0,16,False,False
2023-01-16 16:52:00,5,27,24.37,0,16,False,False
2023-01-16 17:00:00,2,39,14.19,0,17,False,False
2023-01-16 17:30:00,1,9,15.44,0,17,False,False
2023-01-16 17:52:00,3,21,41.35,0,17,False,False
2023-01-16 18:41:00,2,12,6.74,0,18,False,False
2023-01-16 19:14:00,1,29,134.43,0,19,False,False
2023-01-16 19:32:00,5,33,3.11,0,19,False,False
2023-01-16 20:19:00,1,43,10.79,0,20,False,False
2023-01-16 20:19:00,1,15,28.41,0,20,False,False
2023-01-16 20:46:00,1,2,35.19,0,20,False,False
2023-01-16 21:14:00,3,39,18.32,0,21,False,False
2023-01-16 21:33:00,1,44,19.13,0,21,False,False
2023-01-16 23:35:00,3,18,33.26,0,23,False,False
2023-01-16 23:37:00,5,3,17.51,0,23,False,False
2023-01-16 23:49:00,3,7,88.84,0,23,False,False
2023-01-17 07:14:00,5,43,62.45,1,7,False,False
2023-01-17 08:14:00,5,18,63.62,1,8,False,False
2023-01-17 08:36:00,3,44,10.11,1,8,False,False
2023-01-17 08:37:00,2,38,24.55,1,8,False,False
2023-01-17 09:06:00,4,37,19.21,1,9,False,False
2023-01-17 09:20:00,1,33,9.49,1,9,False,False
2023-01-17 09:47:00,4,44,37.19,1,9,False,False
2023-01-17 10:03:00,1,31,14.67,1,10,False,False
2023-01-17 10:24:00,1,11,48.35,1,10,False,False
2023-01-17 10:27:00,5,4,8.61,1,10,False,False
2023-01-17 11:02:00,1,18,134.67,1,11,False,False
2023-01-17 11:12:00,1,4,9.85,1,11,False,False
2023-01-17 11:13:00,3,49,30.06,1,11,False,False
2023-01-17 11:43:00,4,34,53.28,1,11,False,False
2023-01-17 11:55:00,3,29,13.64,1,11,False,False
2023-01-17 12:10:00,1,24,54.18,1,12,False,False
2023-01-17 12:10:00,5,22,6.76,1,12,False,False
2023-01-17 12:47:00,3,2,98.68,1,12,False,False
2023-01-17 13:06:00,3,44,22.37,1,13,False,False
2023-01-17 13:16:00,2,6,12.15,1,13,False,False
2023-01-17 13:45:00,1,42,16.35,1,13,False,False
2023-01-17 13:47:00,5,25,49.53,1,13,False,False
2023-01-17 14:05:00,3,21,11.76,1,14,False,False
2023-01-17 14:06:00,3,16,9.97,1,14,False,False
2023-01-17 14:11:00,5,31,16.9,1,14,False,False
2023-01-17 14:24:00,1,14,6.5,1,14,False,False
2023-01-17 14:32:00,2,39,130.23,1,14,False,False
2023-01-17 14:45:00,3,28,11.97,1,14,False,False
2023-01-17 15:00:00,2,32,46.53,1,15,False,False
2023-01-17 15:01:00,4,28,24.98,1,15,False,False
2023-01-17 15:06:00,1,49,7.57,1,15,False,False
2023-01-17 15:12:00,4,9,20.14,1,15,False,False
2023-01-17 15:30:00,4,45,44.37,1,15,False,False
2023-01-17 15:40:00,4,22,16.78,1,15,False,False
2023-01-17 15:42:00,1,32,66.8,1,15,False,False
2023-01-17 15:46:00,1,5,56.26,1,15,False,False
2023-01-17 15:50:00,5,23,50.78,1,15,False,False
2023-01-17 16:12:00,2,5,12.39,1,16,False,False
2023-01-17 16:22:00,2,42,6.66,1,16,False,False
2023-01-17 16:52:00,5,32,10.62,1,16,False,False
2023-01-17 16:58:00,5,10,23.87,1,16,False,False
2023-01-17 17:03:00,4,39,33.17,1,17,False,False
2023-01-17 17:25:00,5,15,2.19,1,17,False,False
2023-01-17 17:35:00,3,7,19.06,1,17,False,False
2023-01-17 17:41:00,2,29,22.51,1,17,False,False
2023-01-17 17:42:00,5,47,14.56,1,17,False,False
2023-01-17 18:17:00,3,3,69.41,1,18,False,False
2023-01-17 18:26:00,3,19,29.09,1,18,False,False
2023-01-17 18:27:00,3,10,70.73,1,18,False,False
2023-01-17 19:00:00,3,28,15.49,1,19,False,False
2023-01-17 19:10:00,4,29,49.07,1,19,False,False
2023-01-17 19:30:00,3,15,98.59,1,19,False,False
2023-01-17 20:03:00,4,35,72.84,1,20,False,False
2023-01-17 20:32:00,4,6,6.58,1,20,False,False
2023-01-17 22:25:00,3,12,16.36,1,22,False,False
2023-01-17 22:28:00,2,47,14.93,1,22,False,False
2023-01-17 23:20:00,3,38,35.98,1,23,False,False
2023-01-17 23:41:00,3,13,43.82,1,23,False,False
2023-01-17 23:47:00,3,29,9.53,1,23,False,False
2023-01-18 06:15:00,2,19,29.02,2,6,False,False
2023-01-18 07:05:00,1,3,3.58,2,7,False,False
2023-01-18 07:05:00,1,8,114.09,2,7,False,False
2023-01-18 07:53:00,4,8,16.16,2,7,False,False
2023-01-18 07:54:00,4,20,28.53,2,7,False,False
2023-01-18 08:02:00,2,47,19.5,2,8,False,False
2023-01-18 08:24:00,5,4,83.6,2,8,False,False
2023-01-18 08:40:00,1,21,1.56,2,8,False,False
2023-01-18 08:56:00,4,3,26.14,2,8,False,False
2023-01-18 09:36:00,1,45,23.33,2,9,False,False
2023-01-18 09:48:00,2,8,16.48,2,9,False,False
2023-01-18 09:59:00,2,23,145.76,2,9,False,False
2023-01-18 10:04:00,5,16,10.34,2,10,False,False
2023-01-18 10:29:00,5,13,54.32,2,10,False,False
2023-01-18 10:53:00,2,3,35.85,2,10,False,False
2023-01-18 11:03:00,4,48,85.23,2,11,False,False
2023-01-18 11:16:00,1,9,12.39,2,11,False,False
2023-01-18 11:25:00,3,14,11.6,2,11,False,False
2023-01-18 11:31:00,5,13,72.23,2,11,False,False
2023-01-18 11:35:00,3,7,36.93,2,11,False,False
2023-01-18 11:38:00,4,15,5.15,2,11,False,False
2023-01-18 11:56:00,5,7,14.08,2,11,False,False
2023-01-18 12:38:00,3,38,33.99,2,12,False,False
2023-01-18 12:45:00,4,34,53.38,2,12,False,False
2023-01-18 13:07:00,1,41,11.18,2,13,False,False
2023-01-18 13:21:00,4,22,1.2,2,13,False,False
2023-01-18 13:29:00,5,24,37.22,2,13,False,False
2023-01-18 13:37:00,2,49,6.51,2,13,False,False
2023-01-18 13:51:00,1,37,2.93,2,13,False,False
2023-01-18 14:07:00,3,44,1.24,2,14,False,False
2023-01-18 14:08:00,5,1,47.6,2,14,False,False
2023-01-18 14:12:00,2,10,23.98,2,14,False,False
2023-01-18 14:20:00,4,43,16.83,2,14,False,False
2023-01-18 14:21:00,2,16,84.59,2,14,False,False
2023-01-18 14:25:00,5,46,39.89,2,14,False,False
2023-01-18 15:09:00,5,8,101.99,2,15,False,False
2023-01-18 15:11:00,2,49,5.03,2,15,False,False
2023-01-18 15:20:00,4,25,19.57,2,15,False,False
2023-01-18 15:44:00,2,50,4.02,2,15,False,False
2023-01-18 15:54:00,5,12,16.11,2,15,False,False
2023-01-18 15:57:00,5,25,15.8,2,15,False,False
2023-01-18 16:02:00,3,17,36.71,2,16,False,False
2023-01-18 16:15:00,3,26,20.53,2,16,False,False
2023-01-18 16:44:00,1,46,36.6,2,16,False,False
2023-01-18 16:44:00,5,48,39.64,2,16,False,False
2023-01-18 16:54:00,3,14,169.26,2,16,False,False
2023-01-18 17:20:00,2,41,14.02,2,17,False,False
2023-01-18 17:35:00,4,36,7.5,2,17,False,False
2023-01-18 17:59:00,2,23,24.58,2,17,False,False
2023-01-18 18:03:00,4,43,8.55,2,18,False,False
2023-01-18 18:31:00,3,6,83.99,2,18,False,False
2023-01-18 18:37:00,1,47,14.37,2,18,False,False
2023-01-18 19:54:00,2,5,10.92,2,19,False,False
2023-01-18 20:10:00,2,43,12.25,2,20,False,False
2023-01-18 20:38:00,2,25,40.24,2,20,False,False
2023-01-18 22:01:00,4,18,18.01,2,22,False,False
2023-01-18 22:46:00,3,13,11.1,2,22,False,False
2023-01-19 05:09:00,2,43,142.65,3,5,False,False
2023-01-19 07:44:00,2,14,11.46,3,7,False,False
2023-01-19 07:45:00,1,28,27.96,3,7,False,False
2023-01-19 07:56:00,1,18,51.8,3,7,False,False
2023-01-19 08:30:00,3,28,5.2,3,8,False,False
2023-01-19 09:08:00,3,27,41.93,3,9,False,False
2023-01-19 09:19:00,5,32,9.03,3,9,False,False
2023-01-19 10:20:00,1,47,57.16,3,10,False,False
2023-01-19 10:26:00,5,9,9.59,3,10,False,False
2023-01-19 11:08:00,4,40,48.26,3,11,False,False
2023-01-19 11:15:00,5,32,72.94,3,11,False,False
2023-01-19 12:01:00,2,20,54.66,3,12,False,False
2023-01-19 12:15:00,5,28,29.7,3,12,False,False
2023-01-19 12:27:00,3,33,18.33,3,12,False,False
2023-01-19 12:27:00,4,4,12.98,3,12,False,False
2023-01-19 12:28:00,2,46,100.56,3,12,False,False
2023-01-19 12:44:00,5,34,11.48,3,12,False,False
2023-01-19 13:01:00,4,48,7.82,3,13,False,False
2023-01-19 13:18:00,4,3,42.91,3,13,False,False
2023-01-19 13:24:00,2,26,9.95,3,13,False,False
2023-01-19 13:29:00,5,8,8.53,3,13,False,False
2023-01-19 13:49:00,4,6,5.21,3,13,False,False
2023-01-19 13:51:00,4,16,13.61,3,13,False,False
2023-01-19 14:22:00,1,24,19.42,3,14,False,False
2023-01-19 14:25:00,4,48,26.89,3,14,False,False
2023-01-19 14:34:00,1,39,54.6,3,14,False,False
2023-01-19 14:59:00,5,30,35.72,3,14,False,False
2023-01-19 15:05:00,5,45,16.74,3,15,False,False
2023-01-19 15:12:00,5,13,16.62,3,15,False,False
2023-01-19 15:33:00,3,5,33.74,3,15,False,False
2023-01-19 15:34:00,5,25,72.32,3,15,False,False
2023-01-19 15:36:00,4,20,22.99,3,15,False,False
2023-01-19 15:53:00,2,18,12.67,3,15,False,False
2023-01-19 16:13:00,1,47,7.27,3,16,False,False
2023-01-19 16:31:00,3,18,4.62,3,16,False,False
2023-01-19 16:51:00,5,2,38.2,3,16,False,False
2023-01-19 17:00:00,5,10,34.26,3,17,False,False
2023-01-19 18:24:00,2,45,33.99,3,18,False,False
2023-01-19 18:33:00,2,50,16.78,3,18,False,False
2023-01-19 19:17:00,3,47,78.48,3,19,False,False
2023-01-19 19:22:00,1,12,11.84,3,19,False,False
2023-01-19 23:21:00,5,47,57.34,3,23,False,False
2023-01-20 03:36:00,3,13,24.95,4,3,False,False
2023-01-20 04:41:00,4,50,14.46,4,4,False,False
2023-01-20 06:06:00,4,47,49.04,4,6,False,False
2023-01-20 07:09:00,3,11,40.64,4,7,False,False
2023-01-20 07:25:00,5,19,38.55,4,7,False,False
2023-01-20 07:51:00,3,35,29.26,4,7,False,False
2023-01-20 09:06:00,5,39,24.97,4,9,False,False
2023-01-20 09:14:00,2,26,282.62,4,9,False,False
2023-01-20 09:36:00,3,46,84.77,4,9,False,False
2023-01-20 09:51:00,5,14,53.44,4,9,False,False
2023-01-20 10:20:00,3,45,28.08,4,10,False,False
2023-01-20 11:00:00,3,44,66.09,4,11,False,False
2023-01-20 11:07:00,5,24,40.52,4,11,False,False
2023-01-20 12:49:00,5,41,23.71,4,12,False,False
2023-01-20 12:59:00,1,1,17.05,4,12,False,False
2023-01-20 13:01:00,3,43,20.34,4,13,False,False
2023-01-20 13:37:00,4,22,0.93,4,13,False,False
2023-01-20 13:40:00,3,23,27.23,4,13,False,False
2023-01-20 13:47:00,3,19,13.53,4,13,False,False
2023-01-20 13:48:00,5,18,108.46,4,13,False,False
2023-01-20 13:54:00,3,12,22.49,4,13,False,False
2023-01-20 15:14:00,3,28,6.17,4,15,False,False
2023-01-20 15:54:00,4,28,19.27,4,15,False,False
2023-01-20 16:44:00,5,33,6.89,4,16,False,False
2023-01-20 17:16:00,3,19,30.85,4,17,False,False
2023-01-20 17:35:00,2,28,25.71,4,17,False,False
2023-01-20 17:38:00,1,49,50.08,4,17,False,False
2023-01-20 17:51:00,4,37,8.71,4,17,False,False
2023-01-20 18:01:00,3,26,19.74,4,18,False,False
2023-01-20 18:49:00,2,35,4.87,4,18,False,False
2023-01-20 20:28:00,3,34,39.57,4,20,False,False
2023-01-20 20:34:00,3,35,32.96,4,20,False,False
2023-01-20 20:55:00,5,40,32.21,4,20,False,False
2023-01-20 22:33:00,5,16,21.12,4,22,False,False
2023-01-20 22:52:00,5,38,31.93,4,22,False,False
2023-01-20 23:36:00,2,13,109.73,4,23,False,False
2023-01-21 06:57:00,3,23,38.51,5,6,True,False
2023-01-21 09:59:00,1,22,57.48,5,9,True,False
2023-01-21 10:30:00,4,16,16.61,5,10,True,False
2023-01-21 10:40:00,5,28,20.65,5,10,True,False
2023-01-21 10:40:00,5,48,54.27,5,10,True,False
2023-01-21 10:45:00,3,35,148.42,5,10,True,False
2023-01-21 11:08:00,3,45,37.33,5,11,True,False
2023-01-21 11:22:00,2,46,38.1,5,11,True,False
2023-01-21 11:39:00,2,8,32.11,5,11,True,False
2023-01-21 11:50:00,5,44,28.26,5,11,True,False
2023-01-21 12:04:00,3,22,63.4,5,12,True,False
2023-01-21 12:04:00,1,21,10.56,5,12,True,False
2023-01-21 12:23:00,4,26,169.92,5,12,True,False
2023-01-21 12:48:00,3,40,24.26,5,12,True,False
2023-01-21 13:08:00,3,21,95.02,5,13,True,False
2023-01-21 13:45:00,2,25,12.96,5,13,True,False
2023-01-21 13:49:00,4,41,90.11,5,13,True,False
2023-01-21 13:56:00,5,1,90.39,5,13,True,False
2023-01-21 14:16:00,3,6,66.36,5,14,True,False
2023-01-21 14:19:00,5,23,16.72,5,14,True,False
2023-01-21 14:22:00,3,23,58.0,5,14,True,False
2023-01-21 14:34:00,5,43,13.84,5,14,True,False
2023-01-21 15:00:00,4,43,34.45,5,15,True,False
2023-01-21 16:01:00,2,23,122.4,5,16,True,False
2023-01-21 16:09:00,4,32,96.98,5,16,True,False
2023-01-21 16:10:00,1,30,44.39,5,16,True,False
2023-01-21 16:29:00,2,13,16.49,5,16,True,False
2023-01-21 16:37:00,4,43,83.38,5,16,True,False
2023-01-21 16:54:00,1,18,44.58,5,16,True,False
2023-01-21 17:01:00,3,23,4.26,5,17,True,False
2023-01-21 18:06:00,3,15,94.45,5,18,True,False
2023-01-21 18:09:00,5,33,42.15,5,18,True,False
2023-01-21 18:09:00,2,21,143.73,5,18,True,False
2023-01-21 19:30:00,3,39,14.49,5,19,True,False
2023-01-21 19:35:00,2,23,1.81,5,19,True,False
2023-01-21 21:15:00,3,27,58.64,5,21,True,False
2023-01-22 06:38:00,5,45,68.56,6,6,True,False
2023-01-22 08:31:00,4,44,9.35,6,8,True,False
2023-01-22 08:38:00,5,18,19.05,6,8,True,False
2023-01-22 08:39:00,1,24,796.91,6,8,True,False
2023-01-22 09:07:00,3,47,36.86,6,9,True,False
2023-01-22 09:43:00,1,40,103.94,6,9,True,False
2023-01-22 09:46:00,1,42,26.11,6,9,True,False
2023-01-22 10:03:00,2,7,6.08,6,10,True,False
2023-01-22 10:21:00,3,50,41.51,6,10,True,False
2023-01-22 10:22:00,1,48,37.73,6,10,True,False
2023-01-22 10:33:00,4,20,32.99,6,10,True,False
2023-01-22 10:36:00,1,27,43.88,6,10,True,False
2023-01-22 11:13:00,4,6,62.83,6,11,True,False
2023-01-22 11:16:00,2,27,41.52,6,11,True,False
2023-01-22 11:49:00,1,9,13.63,6,11,True,False
2023-01-22 11:51:00,5,45,78.44,6,11,True,False
2023-01-22 11:59:00,2,31,6.87,6,11,True,False
2023-01-22 12:55:00,4,21,6.07,6,12,True,False
2023-01-22 13:12:00,2,26,96.67,6,13,True,False
2023-01-22 13:12:00,1,40,76.64,6,13,True,False
2023-01-22 13:15:00,3,48,43.59,6,13,True,False
2023-01-22 13:41:00,3,45,11.44,6,13,True,False
2023-01-22 14:03:00,4,13,22.27,6,14,True,False
2023-01-22 14:10:00,4,49,34.75,6,14,True,False
2023-01-22 14:24:00,3,23,9.16,6,14,True,False
2023-01-22 14:28:00,4,20,21.58,6,14,True,False
2023-01-22 14:54:00,2,37,86.77,6,14,True,False
2023-01-22 15:11:00,5,28,184.87,6,15,True,False
2023-01-22 15:13:00,5,17,29.16,6,15,True,False
2023-01-22 15:13:00,2,28,94.52,6,15,True,False
2023-01-22 15:20:00,5,41,6.54,6,15,True,False
2023-01-22 15:25:00,1,2,85.78,6,15,True,False
2023-01-22 15:28:00,2,25,19.85,6,15,True,False
2023-01-22 15:30:00,4,50,60.32,6,15,True,False
2023-01-22 15:45:00,2,41,34.63,6,15,True,False
2023-01-22 15:48:00,3,6,166.13,6,15,True,False
2023-01-22 15:55:00,4,11,18.5,6,15,True,False
2023-01-22 16:05:00,3,38,81.9,6,16,True,False
2023-01-22 16:34:00,4,6,33.06,6,16,True,False
2023-01-22 17:00:00,5,45,36.98,6,17,True,False
2023-01-22 17:10:00,2,11,36.05,6,17,True,False
2023-01-22 17:12:00,1,14,18.6,6,17,True,False
2023-01-22 17:19:00,4,2,42.71,6,17,True,False
2023-01-22 18:19:00,4,40,40.56,6,18,True,False
2023-01-22 18:24:00,3,3,54.97,6,18,True,False
2023-01-22 18:29:00,5,35,46.99,6,18,True,False
2023-01-22 19:32:00,3,33,96.22,6,19,True,False
2023-01-22 20:01:00,3,24,110.1,6,20,True,False
2023-01-22 20:41:00,5,19,15.29,6,20,True,False
2023-01-22 20:47:00,1,18,104.23,6,20,True,False
2023-01-22 22:33:00,3,49,13.8,6,22,True,False
2023-01-22 23:02:00,3,24,83.1,6,23,True,False
2023-01-22 23:25:00,4,45,85.79,6,23,True,False
2023-01-23 03:04:00,5,35,3.84,0,3,False,False
2023-01-23 04:06:00,2,1,29.17,0,4,False,False
2023-01-23 06:50:00,1,36,16.97,0,6,False,False
2023-01-23 07:56:00,1,25,12.63,0,7,False,False
2023-01-23 08:14:00,5,45,102.61,0,8,False,False
2023-01-23 08:49:00,4,49,13.82,0,8,False,False
2023-01-23 08:58:00,4,43,11.87,0,8,False,False
2023-01-23 10:05:00,5,34,27.08,0,10,False,False
2023-01-23 10:24:00,4,25,49.84,0,10,False,False
2023-01-23 10:30:00,1,16,21.79,0,10,False,False
2023-01-23 10:35:00,1,34,80.6,0,10,False,False
2023-01-23 10:48:00,2,29,42.7,0,10,False,False
2023-01-23 10:53:00,5,19,2.84,0,10,False,False
2023-01-23 11:03:00,3,23,14.22,0,11,False,False
2023-01-23 11:19:00,3,19,13.76,0,11,False,False
2023-01-23 11:48:00,2,25,38.98,0,11,False,False
2023-01-23 12:54:00,2,16,1.67,0,12,False,False
2023-01-23 12:57:00,4,9,295.53,0,12,False,False
2023-01-23 13:00:00,2,1,37.51,0,13,False,False
2023-01-23 13:05:00,2,42,25.6,0,13,False,False
2023-01-23 13:06:00,3,19,71.9,0,13,False,False
2023-01-23 13:09:00,4,33,229.83,0,13,False,False
2023-01-23 13:17:00,2,34,52.69,0,13,False,False
2023-01-23 13:27:00,2,16,56.97,0,13,False,False
2023-01-23 13:29:00,4,44,25.14,0,13,False,False
2023-01-23 13:36:00,5,40,19.15,0,13,False,False
2023-01-23 14:14:00,4,18,13.11,0,14,False,False
2023-01-23 14:23:00,3,34,9.23,0,14,False,False
2023-01-23 14:44:00,5,25,10.61,0,14,False,False
2023-01-23 14:47:00,1,45,5.46,0,14,False,False
2023-01-23 15:09:00,4,6,18.78,0,15,False,False
2023-01-23 15:19:00,3,21,3.76,0,15,False,False
2023-01-23 15:29:00,5,6,24.52,0,15,False,False
2023-01-23 15:55:00,4,32,19.54,0,15,False,False
2023-01-23 16:29:00,2,41,22.72,0,16,False,False
2023-01-23 16:47:00,4,48,11.64,0,16,False,False
2023-01-23 16:56:00,1,43,425.55,0,16,False,False
2023-01-23 16:59:00,4,39,76.45,0,16,False,False
2023-01-23 17:05:00,5,31,5.54,0,17,False,False
2023-01-23 17:18:00,5,42,24.26,0,17,False,False
2023-01-23 17:18:00,4,10,10.46,0,17,False,False
2023-01-23 17:41:00,5,30,6.97,0,17,False,False
2023-01-23 17:45:00,2,18,5.03,0,17,False,False
2023-01-23 17:53:00,4,24,29.61,0,17,False,False
2023-01-23 18:28:00,2,9,9.65,0,18,False,False
2023-01-23 21:23:00,2,31,53.32,0,21,False,False
2023-01-24 07:40:00,3,15,72.88,1,7,False,False
2023-01-24 08:01:00,4,4,105.0,1,8,False,False
2023-01-24 08:24:00,5,40,11.33,1,8,False,False
2023-01-24 08:59:00,2,9,42.75,1,8,False,False
2023-01-24 09:11:00,3,45,48.82,1,9,False,False
2023-01-24 10:05:00,4,9,15.63,1,10,False,False
2023-01-24 10:27:00,4,26,11.6,1,10,False,False
2023-01-24 11:03:00,1,4,120.7,1,11,False,False
2023-01-24 11:36:00,1,17,30.3,1,11,False,False
2023-01-24 11:43:00,2,16,45.59,1,11,False,False
2023-01-24 11:45:00,1,15,10.61,1,11,False,False
2023-01-24 11:48:00,2,35,7.13,1,11,False,False
2023-01-24 11:56:00,5,5,13.66,1,11,False,False
2023-01-24 11:58:00,2,5,21.32,1,11,False,False
2023-01-24 12:21:00,1,20,7.97,1,12,False,False
2023-01-24 12:41:00,5,15,22.87,1,12,False,False
2023-01-24 12:47:00,1,18,4.27,1,12,False,False
2023-01-24 13:05:00,2,47,7.2,1,13,False,False
2023-01-24 13:07:00,3,2,43.15,1,13,False,False
2023-01-24 13:21:00,4,29,40.35,1,13,False,False
2023-01-24 13:31:00,1,13,14.91,1,13,False,False
2023-01-24 14:16:00,2,4,7.62,1,14,False,False
2023-01-24 14:23:00,5,42,7.55,1,14,False,False
2023-01-24 14:33:00,1,45,14.52,1,14,False,False
2023-01-24 14:48:00,1,10,40.18,1,14,False,False
2023-01-24 14:59:00,4,31,53.36,1,14,False,False
2023-01-24 15:01:00,2,41,12.33,1,15,False,False
2023-01-24 15:20:00,3,8,6.39,1,15,False,False
2023-01-24 15:33:00,5,3,26.48,1,15,False,False
2023-01-24 15:51:00,2,48,8.89,1,15,False,False
2023-01-24 16:42:00,5,46,11.68,1,16,False,False
2023-01-24 17:15:00,1,9,72.32,1,17,False,False
2023-01-24 18:23:00,4,30,43.63,1,18,False,False
2023-01-24 18:32:00,4,11,22.35,1,18,False,False
2023-01-24 18:49:00,3,35,5.35,1,18,False,False
2023-01-24 19:07:00,4,37,23.74,1,19,False,False
2023-01-24 19:45:00,1,42,55.62,1,19,False,False
2023-01-24 20:48:00,3,13,13.48,1,20,False,False
2023-01-24 21:21:00,2,36,78.23,1,21,False,False
2023-01-24 23:20:00,4,13,80.35,1,23,False,False
2023-01-24 23:38:00,3,12,116.45,1,23,False,False
2023-01-25 05:33:00,1,37,36.61,2,5,False,False
2023-01-25 06:43:00,5,10,48.79,2,6,False,False
2023-01-25 07:13:00,5,9,110.97,2,7,False,False
2023-01-25 08:35:00,1,7,41.57,2,8,False,False
2023-01-25 09:07:00,1,2,15.71,2,9,False,False
2023-01-25 09:26:00,5,23,16.56,2,9,False,False
2023-01-25 09:37:00,3,39,32.93,2,9,False,False
2023-01-25 09:47:00,5,40,7.14,2,9,False,False
2023-01-25 10:00:00,1,39,21.76,2,10,False,False
2023-01-25 10:18:00,4,21,75.17,2,10,False,False
2023-01-25 10:28:00,2,23,2.81,2,10,False,False
2023-01-25 11:11:00,4,29,111.97,2,11,False,False
2023-01-25 11:12:00,4,14,74.16,2,11,False,False
2023-01-25 11:21:00,1,26,15.24,2,11,False,False
2023-01-25 11:56:00,5,5,41.56,2,11,False,False
2023-01-25 12:04:00,3,31,23.17,2,12,False,False
2023-01-25 12:07:00,4,25,79.02,2,12,False,False
2023-01-25 12:25:00,5,31,61.71,2,12,False,False
2023-01-25 12:32:00,3,50,5.7,2,12,False,False
2023-01-25 12:34:00,4,20,41.56,2,12,False,False
2023-01-25 12:36:00,3,44,18.81,2,12,False,False
2023-01-25 12:37:00,5,17,25.09,2,12,False,False
2023-01-25 12:46:00,2,45,11.15,2,12,False,False
2023-01-25 13:46:00,5,2,126.7,2,13,False,False
2023-01-25 13:52:00,1,25,62.41,2,13,False,False
2023-01-25 14:18:00,3,13,10.06,2,14,False,False
2023-01-25 15:00:00,2,39,5.33,2,15,False,False
2023-01-25 15:05:00,3,28,13.78,2,15,False,False
2023-01-25 15:22:00,3,42,31.28,2,15,False,False
2023-01-25 15:39:00,4,6,25.76,2,15,False,False
2023-01-25 15:57:00,1,3,70.93,2,15,False,False
2023-01-25 16:03:00,3,35,43.23,2,16,False,False
2023-01-25 16:08:00,5,18,51.73,2,16,False,False
2023-01-25 16:10:00,5,11,27.2,2,16,False,False
2023-01-25 16:15:00,4,20,4.89,2,16,False,False
2023-01-25 16:19:00,1,5,16.13,2,16,False,False
2023-01-25 16:20:00,1,19,56.63,2,16,False,False
2023-01-25 16:58:00,5,22,18.63,2,16,False,False
2023-01-25 16:59:00,2,19,32.45,2,16,False,False
2023-01-25 17:06:00,4,47,13.97,2,17,False,False
2023-01-25 17:32:00,4,16,6.86,2,17,False,False
2023-01-25 17:36:00,5,24,16.99,2,17,False,False
2023-01-25 17:46:00,5,41,26.18,2,17,False,False
2023-01-25 17:47:00,2,4,9.98,2,17,False,False
2023-01-25 17:50:00,2,15,15.18,2,17,False,False
2023-01-25 18:24:00,1,25,7.46,2,18,False,False
2023-01-25 18:44:00,4,44,58.44,2,18,False,False
2023-01-25 19:35:00,4,35,14.32,2,19,False,False
2023-01-25 19:59:00,5,14,82.16,2,19,False,False
2023-01-25 20:43:00,1,49,90.49,2,20,False,False
2023-01-25 23:19:00,4,19,20.34,2,23,False,False
2023-01-26 06:11:00,1,38,9.89,3,6,False,False
2023-01-26 07:08:00,1,36,3.35,3,7,False,False
2023-01-26 07:45:00,5,7,6.19,3,7,False,False
2023-01-26 08:52:00,1,30,6.73,3,8,False,False
2023-01-26 09:37:00,2,19,102.95,3,9,False,False
2023-01-26 10:03:00,2,49,28.19,3,10,False,False
2023-01-26 10:21:00,3,25,37.07,3,10,False,False
2023-01-26 11:24:00,5,16,2.62,3,11,False,False
2023-01-26 11:34:00,3,47,7.29,3,11,False,False
2023-01-26 11:45:00,2,40,58.61,3,11,False,False
2023-01-26 11:50:00,3,8,32.15,3,11,False,False
2023-01-26 12:21:00,5,18,19.94,3,12,False,False
2023-01-26 12:23:00,5,28,40.63,3,12,False,False
2023-01-26 12:25:00,1,16,118.58,3,12,False,False
2023-01-26 12:35:00,4,19,18.52,3,12,False,False
2023-01-26 12:49:00,1,42,24.76,3,12,False,False
2023-01-26 12:55:00,5,17,28.0,3,12,False,False
2023-01-26 13:23:00,2,45,241.25,3,13,False,False
2023-01-26 13:32:00,2,13,2.7,3,13,False,False
2023-01-26 13:52:00,1,7,43.68,3,13,False,False
2023-01-26 14:08:00,5,27,18.8,3,14,False,False
2023-01-26 14:11:00,2,10,37.17,3,14,False,False
2023-01-26 14:17:00,5,34,10.93,3,14,False,False
2023-01-26 14:29:00,2,36,20.08,3,14,False,False
2023-01-26 14:44:00,5,25,42.96,3,14,False,False
2023-01-26 14:58:00,3,6,474.23,3,14,False,False
2023-01-26 15:16:00,5,24,45.45,3,15,False,False
2023-01-26 15:45:00,5,18,8.68,3,15,False,False
2023-01-26 16:07:00,1,23,12.84,3,16,False,False
2023-01-26 16:18:00,3,6,12.47,3,16,False,False
2023-01-26 16:25:00,4,29,3.26,3,16,False,False
2023-01-26 16:27:00,1,25,14.1,3,16,False,False
2023-01-26 16:33:00,4,17,40.83,3,16,False,False
2023-01-26 16:40:00,2,46,5.49,3,16,False,False
2023-01-26 16:54:00,4,24,55.98,3,16,False,False
2023-01-26 17:19:00,5,11,31.3,3,17,False,False
2023-01-26 17:19:00,4,26,9.22,3,17,False,False
2023-01-26 17:40:00,1,34,16.68,3,17,False,False
2023-01-26 17:52:00,1,28,95.03,3,17,False,False
2023-01-26 18:22:00,4,3,39.74,3,18,False,False
2023-01-26 18:47:00,1,11,19.25,3,18,False,False
2023-01-26 19:00:00,1,38,15.15,3,19,False,False
2023-01-26 19:51:00,4,14,20.75,3,19,False,False
2023-01-26 20:03:00,3,26,11.76,3,20,False,False
2023-01-26 21:47:00,3,48,2.47,3,21,False,False
2023-01-26 22:01:00,2,21,162.55,3,22,False,False
2023-01-26 22:46:00,1,39,24.63,3,22,False,False
2023-01-26 22:50:00,4,30,31.4,3,22,False,False
2023-01-27 04:41:00,1,8,25.08,4,4,False,False
2023-01-27 05:41:00,5,20,12.93,4,5,False,False
2023-01-27 06:07:00,1,48,22.51,4,6,False,False
2023-01-27 07:40:00,1,32,5.45,4,7,False,False
2023-01-27 07:58:00,3,22,262.99,4,7,False,False
2023-01-27 08:11:00,4,7,7.73,4,8,False,False
2023-01-27 08:22:00,1,9,9.47,4,8,False,False
2023-01-27 08:31:00,3,45,17.11,4,8,False,False
2023-01-27 08:34:00,2,1,96.36,4,8,False,False
2023-01-27 08:42:00,3,29,26.97,4,8,False,False
2023-01-27 09:01:00,3,8,7.54,4,9,False,False
2023-01-27 09:36:00,3,4,90.93,4,9,False,False
2023-01-27 10:12:00,1,35,52.15,4,10,False,False
2023-01-27 10:20:00,1,3,43.02,4,10,False,False
2023-01-27 10:38:00,2,45,51.36,4,10,False,False
2023-01-27 10:57:00,5,40,275.2,4,10,False,False
2023-01-27 10:57:00,5,7,223.24,4,10,False,False
2023-01-27 11:16:00,5,27,12.15,4,11,False,False
2023-01-27 11:24:00,2,1,122.45,4,11,False,False
2023-01-27 11:37:00,5,27,35.41,4,11,False,False
2023-01-27 11:44:00,5,16,39.76,4,11,False,False
2023-01-27 12:03:00,3,38,4.25,4,12,False,False
2023-01-27 12:05:00,1,7,19.48,4,12,False,False
2023-01-27 12:06:00,1,44,10.25,4,12,False,False
2023-01-27 12:26:00,3,23,52.87,4,12,False,False
2023-01-27 12:34:00,3,41,67.41,4,12,False,False
2023-01-27 13:36:00,3,11,2.77,4,13,False,False
2023-01-27 13:45:00,1,42,21.58,4,13,False,False
2023-01-27 13:47:00,5,33,67.73,4,13,False,False
2023-01-27 14:02:00,3,50,17.5,4,14,False,False
2023-01-27 14:13:00,2,36,43.72,4,14,False,False
2023-01-27 14:37:00,3,37,29.96,4,14,False,False
2023-01-27 14:40:00,4,41,29.68,4,14,False,False
2023-01-27 15:02:00,3,17,15.44,4,15,False,False
2023-01-27 15:11:00,1,35,6.0,4,15,False,False
2023-01-27 15:22:00,3,48,6.6,4,15,False,False
2023-01-27 15:25:00,4,5,41.18,4,15,False,False
2023-01-27 15:32:00,2,48,20.66,4,15,False,False
2023-01-27 15:42:00,5,32,17.64,4,15,False,False
2023-01-27 16:22:00,3,3,12.84,4,16,False,False
2023-01-27 16:29:00,4,47,14.46,4,16,False,False
2023-01-27 16:36:00,4,35,55.89,4,16,False,False
2023-01-27 16:45:00,2,14,14.03,4,16,False,False
2023-01-27 16:46:00,1,48,5.13,4,16,False,False
2023-01-27 16:47:00,3,31,41.27,4,16,False,False
2023-01-27 17:17:00,4,31,15.66,4,17,False,False
2023-01-27 17:23:00,2,17,19.83,4,17,False,False
2023-01-27 17:23:00,5,24,95.91,4,17,False,False
2023-01-27 17:48:00,4,23,18.83,4,17,False,False
2023-01-27 17:57:00,2,18,25.66,4,17,False,False
2023-01-27 18:18:00,1,50,5.87,4,18,False,False
2023-01-27 18:27:00,1,14,15.32,4,18,False,False
2023-01-27 18:35:00,4,50,35.1,4,18,False,False
2023-01-27 18:48:00,4,15,4.03,4,18,False,False
2023-01-27 18:54:00,3,15,23.33,4,18,False,False
2023-01-27 20:15:00,2,6,21.7,4,20,False,False
2023-01-27 20:32:00,4,27,20.45,4,20,False,False
2023-01-27 21:00:00,3,15,57.15,4,21,False,False
2023-01-27 21:09:00,3,50,28.3,4,21,False,False
2023-01-27 22:32:00,4,36,92.47,4,22,False,False
2023-01-27 22:40:00,1,8,7.81,4,22,False,False
2023-01-28 06:27:00,2,15,58.68,5,6,True,False
2023-01-28 06:31:00,2,3,55.73,5,6,True,False
2023-01-28 07:47:00,1,47,17.53,5,7,True,False
2023-01-28 08:21:00,4,13,131.87,5,8,True,False
2023-01-28 08:43:00,2,41,518.12,5,8,True,False
2023-01-28 09:20:00,4,34,49.2,5,9,True,False
2023-01-28 09:43:00,4,24,82.92,5,9,True,False
2023-01-28 09:48:00,3,40,54.45,5,9,True,False
2023-01-28 10:10:00,1,32,24.11,5,10,True,False
2023-01-28 10:48:00,4,32,7.97,5,10,True,False
2023-01-28 11:10:00,5,30,23.82,5,11,True,False
2023-01-28 11:16:00,1,49,11.99,5,11,True,False
2023-01-28 11:44:00,2,13,265.15,5,11,True,False
2023-01-28 11:53:00,3,1,43.0,5,11,True,False
2023-01-28 12:05:00,2,34,33.4,5,12,True,False
2023-01-28 12:16:00,2,15,114.84,5,12,True,False
2023-01-28 12:29:00,1,44,15.37,5,12,True,False
2023-01-28 13:22:00,2,14,21.44,5,13,True,False
2023-01-28 13:26:00,4,29,49.41,5,13,True,False
2023-01-28 13:34:00,2,34,129.14,5,13,True,False
2023-01-28 13:35:00,3,18,76.24,5,13,True,False
2023-01-28 13:42:00,3,7,59.17,5,13,True,False
2023-01-28 13:47:00,5,29,49.91,5,13,True,False
2023-01-28 13:48:00,3,31,68.88,5,13,True,False
2023-01-28 14:05:00,2,25,55.29,5,14,True,False
2023-01-28 14:11:00,3,38,16.13,5,14,True,False
2023-01-28 14:12:00,1,14,47.32,5,14,True,False
2023-01-28 14:27:00,3,8,15.44,5,14,True,False
2023-01-28 14:44:00,4,27,49.01,5,14,True,False
2023-01-28 14:44:00,1,2,27.95,5,14,True,False
2023-01-28 15:03:00,5,17,562.13,5,15,True,False
2023-01-28 15:07:00,4,37,42.63,5,15,True,False
2023-01-28 15:22:00,2,14,10.89,5,15,True,False
2023-01-28 15:28:00,2,25,38.79,5,15,True,False
2023-01-28 15:44:00,2,30,74.57,5,15,True,False
2023-01-28 15:46:00,4,29,236.44,5,15,True,False
2023-01-28 15:55:00,4,20,24.6,5,15,True,False
2023-01-28 15:56:00,4,21,9.11,5,15,True,False
2023-01-28 16:11:00,1,22,98.96,5,16,True,False
2023-01-28 16:23:00,1,35,10.99,5,16,True,False
2023-01-28 16:34:00,2,37,28.27,5,16,True,False
2023-01-28 17:23:00,3,16,33.48,5,17,True,False
2023-01-28 18:48:00,2,50,40.28,5,18,True,False
2023-01-28 18:54:00,5,49,86.02,5,18,True,False
2023-01-28 18:55:00,1,43,21.8,5,18,True,False
2023-01-28 20:41:00,4,17,33.25,5,20,True,False
2023-01-28 20:58:00,1,16,43.1,5,20,True,False
2023-01-29 02:30:00,4,2,57.15,6,2,True,False
2023-01-29 06:26:00,5,4,56.48,6,6,True,False
2023-01-29 06:39:00,5,21,79.21,6,6,True,False
2023-01-29 06:59:00,1,39,119.1,6,6,True,False
2023-01-29 07:40:00,4,34,75.65,6,7,True,False
2023-01-29 07:59:00,5,30,80.4,6,7,True,False
2023-01-29 09:37:00,2,6,10.28,6,9,True,False
2023-01-29 09:37:00,2,17,52.62,6,9,True,False
2023-01-29 10:02:00,4,39,79.49,6,10,True,False
2023-01-29 10:33:00,1,25,102.01,6,10,True,False
2023-01-29 10:45:00,5,5,24.62,6,10,True,False
2023-01-29 11:34:00,1,5,24.96,6,11,True,False
2023-01-29 11:55:00,2,20,27.17,6,11,True,False
2023-01-29 12:00:00,5,16,80.71,6,12,True,False
2023-01-29 13:16:00,1,41,129.8,6,13,True,False
2023-01-29 13:27:00,3,37,30.71,6,13,True,False
2023-01-29 13:29:00,4,40,114.45,6,13,True,False
2023-01-29 13:32:00,4,9,52.23,6,13,True,False
2023-01-29 13:33:00,3,5,40.77,6,13,True,False
2023-01-29 13:36:00,2,42,37.37,6,13,True,False
2023-01-29 13:38:00,5,2,97.39,6,13,True,False
2023-01-29 13:51:00,4,9,63.93,6,13,True,False
2023-01-29 14:01:00,3,43,439.99,6,14,True,False
2023-01-29 14:07:00,3,36,19.27,6,14,True,False
2023-01-29 14:16:00,2,22,75.87,6,14,True,False
2023-01-29 14:18:00,2,22,26.62,6,14,True,False
2023-01-29 14:34:00,1,22,18.95,6,14,True,False
2023-01-29 14:37:00,4,34,44.7,6,14,True,False
2023-01-29 15:13:00,1,29,50.89,6,15,True,False
2023-01-29 15:15:00,3,38,821.0,6,15,True,False
2023-01-29 16:18:00,5,46,36.37,6,16,True,False
2023-01-29 16:45:00,5,33,14.12,6,16,True,False
2023-01-29 16:50:00,2,18,57.45,6,16,True,False
2023-01-29 17:13:00,5,7,5.44,6,17,True,False
2023-01-29 17:21:00,5,1,39.51,6,17,True,False
2023-01-29 17:28:00,5,33,44.02,6,17,True,False
2023-01-29 17:28:00,3,1,95.89,6,17,True,False
2023-01-29 17:30:00,5,24,114.69,6,17,True,False
2023-01-29 17:50:00,5,4,26.18,6,17,True,False
2023-01-29 18:55:00,5,4,37.15,6,18,True,False
2023-01-29 19:15:00,1,18,20.14,6,19,True,False
2023-01-29 19:34:00,3,27,14.02,6,19,True,False
2023-01-29 20:06:00,2,43,59.61,6,20,True,False
2023-01-29 20:44:00,1,32,12.23,6,20,True,False
2023-01-29 20:44:00,4,33,28.88,6,20,True,False
2023-01-29 21:10:00,3,28,16.4,6,21,True,False
2023-01-29 22:20:00,3,42,78.31,6,22,True,False
2023-01-30 01:09:00,4,41,146.24,0,1,False,False
2023-01-30 02:46:00,4,36,6.83,0,2,False,False
2023-01-30 09:40:00,4,6,4.07,0,9,False,False
2023-01-30 10:08:00,2,16,22.16,0,10,False,False
2023-01-30 10:36:00,5,34,25.5,0,10,False,False
2023-01-30 10:48:00,3,23,31.24,0,10,False,False
2023-01-30 10:52:00,5,50,16.07,0,10,False,False
2023-01-30 11:31:00,5,42,19.75,0,11,False,False
2023-01-30 11:43:00,4,24,34.86,0,11,False,False
2023-01-30 12:01:00,2,49,65.38,0,12,False,False
2023-01-30 12:18:00,1,13,3.27,0,12,False,False
2023-01-30 12:35:00,2,18,15.97,0,12,False,False
2023-01-30 12:36:00,5,13,28.6,0,12,False,False
2023-01-30 12:38:00,2,49,9.22,0,12,False,False
2023-01-30 13:16:00,4,37,124.57,0,13,False,False
2023-01-30 13:27:00,1,43,11.68,0,13,False,False
2023-01-30 13:32:00,4,39,21.17,0,13,False,False
2023-01-30 13:47:00,1,42,38.46,0,13,False,False
2023-01-30 13:48:00,5,17,12.21,0,13,False,False
2023-01-30 13:57:00,1,15,3.48,0,13,False,False
2023-01-30 14:03:00,1,18,13.74,0,14,False,False
2023-01-30 14:07:00,1,23,59.04,0,14,False,False
2023-01-30 14:08:00,2,30,15.06,0,14,False,False
2023-01-30 14:11:00,2,34,9.05,0,14,False,False
2023-01-30 14:11:00,5,4,53.22,0,14,False,False
2023-01-30 14:29:00,1,3,15.15,0,14,False,False
2023-01-30 14:35:00,3,7,12.66,0,14,False,False
2023-01-30 14:47:00,5,18,24.49,0,14,False,False
2023-01-30 14:49:00,1,42,45.58,0,14,False,False
2023-01-30 15:28:00,1,7,219.26,0,15,False,False
2023-01-30 15:36:00,2,40,46.33,0,15,False,False
2023-01-30 15:54:00,5,6,64.61,0,15,False,False
2023-01-30 16:10:00,1,22,11.83,0,16,False,False
2023-01-30 16:12:00,1,1,7.03,0,16,False,False
2023-01-30 16:21:00,5,4,20.88,0,16,False,False
2023-01-30 16:40:00,3,46,21.84,0,16,False,False
2023-01-30 17:05:00,5,49,6.54,0,17,False,False
2023-01-30 17:11:00,5,50,16.13,0,17,False,False
2023-01-30 17:17:00,3,43,28.65,0,17,False,False
2023-01-30 17:37:00,5,29,27.56,0,17,False,False
2023-01-30 17:40:00,1,21,31.82,0,17,False,False
2023-01-30 17:46:00,5,26,25.71,0,17,False,False
2023-01-30 17:51:00,3,14,11.57,0,17,False,False
2023-01-30 18:30:00,4,9,11.41,0,18,False,False
2023-01-30 19:09:00,5,47,5.79,0,19,False,False
2023-01-30 19:12:00,2,12,114.51,0,19,False,False
2023-01-30 21:59:00,1,42,20.53,0,21,False,False
